INSERT INTO countries (id, country_name, creation_date, modification_date, status)
VALUES (1, 'Belarus', '2022-09-15 15:15:22.361321', '2022-09-15 15:15:22.361321', 'ACTIVE'),
       (2, 'Russia', '2022-09-28 22:06:39.673000', '2022-09-28 22:06:39.673000', 'ACTIVE'),
       (5, 'Germany', '2022-10-03 16:55:10.241000', '2022-10-03 16:55:10.241000', 'ACTIVE');
select SETVAL('countries_id_seq', 5);


INSERT INTO locations (id, postal_code, name, description, country_id, creation_date, modification_date, status)
VALUES (1, '246028', 'Gomel', 'Gomelskaya oblast''', 1, '2022-09-04 12:48:05.000000', '2022-09-04 12:48:07.000000','ACTIVE'),
       (2, '247210', 'Zhlobin', 'Gomelskaya oblast''', 1, '2022-08-23 10:42:18.055651', '2022-08-23 10:42:18.060082','ACTIVE'),
       (4, '247250', 'Rogachev', 'Gomelskaya oblast''', 1, '2022-09-30 16:15:07.018000', '2022-09-30 16:15:07.018000','ACTIVE'),
       (5, '212001', 'Mogilev', 'Mogilevskaya oblast''', 1, '2022-10-03 16:59:19.313000', '2022-10-03 16:59:19.313000','ACTIVE'),
       (3, '213801', 'Bobruisk', 'Mogilevskaya oblast''', 1, '2022-09-28 22:05:28.377000', '2022-09-28 22:05:28.377000','ACTIVE');
select SETVAL('locations_id_seq', 5);

INSERT INTO roles (id, name, creation_date, modification_date, status)
VALUES (2, 'ROLE_ADMIN', '2022-09-07 18:36:34.381538', '2022-09-07 18:36:34.381538', 'ACTIVE'),
       (1, 'ROLE_USER', '2022-09-07 18:36:34.381538', '2022-09-07 18:36:34.381538', 'ACTIVE'),
       (4, 'ROLE_ANONYMOUS', '2022-09-19 15:15:21.167000', '2022-09-19 15:15:21.167000', 'ACTIVE'),
       (3, 'ROLE_MODERATOR', '2022-09-07 18:38:34.381538', '2022-09-07 18:38:34.381538', 'ACTIVE');
select SETVAL('roles_id_seq', 4);




INSERT INTO users (id, username, user_password, location_id, location_details, phone_number, mobile_number, email, registration_date, creation_date, modification_date, status, user_login)
VALUES (6, 'Oleg', '5555', 2, '19 4 33', '80233433342', '+375293245432', 'olegpopkov@gmail.com', '2022-08-23 16:01:57.655000', '2022-08-23 16:01:57.655000', '2022-08-24 22:32:52.546000', 'ACTIVE', 'olegpopkov'),
       (5, 'Anastasia', '5555', 2, '16 51 106', '80233456258', '+375256198520', 'nastyapetrova@gmail.com', '2022-08-23 16:01:57.655000', '2022-08-23 16:01:57.655000', '2022-08-23 19:33:51.017000', 'ACTIVE', 'nastya99'),
       (3, 'Sergey', '5555', 2, '18 9 55', '802333324523', '+375256145343', 'SergeyBRN@gmail.com', '2022-08-23 16:01:57.655000', '2022-08-23 16:01:57.655000', '2022-08-23 17:13:04.996000', 'ACTIVE', 'serg123'),
       (7, 'Billi', '435342', 2, 'Stavropolskaya st 6-2', '80233452145', '+3752964366661', 'billimilligan@yahoo.com', '2022-08-28 17:09:53.490000', '2022-08-28 17:09:53.490000', '2022-08-28 17:09:53.490000', 'ACTIVE', 'milligan'),
       (16, 'Pasha', 'asdasd', 2, '18-2-15', '+80233422154', '+375291854765', 'pashaprokopev@gmail.com', '2022-09-15 13:37:27.081024', '2022-09-15 13:37:27.081024', '2022-09-15 13:37:27.081024', 'ACTIVE', 'pasha22'),
       (18, 'Igor', 'fdsfr', 2, '18 4 33', '80233324345', '+375291599325', 'igorpython@gmail.com', '2022-09-15 17:04:14.468000', '2022-09-15 17:04:14.468000', '2022-09-15 17:04:14.468000', 'ACTIVE', 'igor1233'),
       (22, 'Slava', 'dsadd', 2, '18 3 23', '80233424325', '+375291599325', 'slava32323@gmail.com', '2022-09-18 16:18:53.956000', '2022-09-18 16:18:53.956000', '2022-09-18 16:18:53.956000', 'ACTIVE', 'slava1233'),
       (4, 'Vladimir', '$2a$04$VviJxSCWVE.gWeV7dtozROSjMpgY/z3dtOwfGoFUbcQ2sikFnb6VC', 2, '17 4/5 83', '80233429792', '+375291597740', 'zagvladimir88@gmail.com', '2022-08-23 16:01:57.655000', '2022-08-23 16:01:57.655000', '2022-08-23 17:15:08.877000', 'ACTIVE', 'strjke'),
       (29, 'Daniil', '$2a$10$9G/Slur8Lt2F4HU2mFA04epVtFW33czjB5mp32XF/lEipxqgWjrwa', 2, '16 52 172', '80233425862', '+375291269582', 'daniil72@gmail.com', '2022-09-19 20:29:22.624000', '2022-09-19 20:29:22.624000', '2022-09-19 20:29:22.624000', 'ACTIVE', 'Daniil123'),
       (42, 'Evgenii', '$2a$10$OkoQ8O4FsKdLDQSctqH0i.8w85cp7QmD53hvhtx2.j0rC8hs4q/ke', 2, '3 5 32', '8023345213', '+37529232123', 'evgenii@gmail.com', '2022-09-25 19:02:39.449000', '2022-09-25 19:02:39.449000', '2022-09-25 19:02:39.449000', 'ACTIVE', 'Grichevski'),
       (40, 'David', '$2a$10$oZQZFQ4.u4vSDNJQhKJKYu6tXjwNYzwt7mKwVq9MTiKxWUAWIGWsq', 2, '3 5 32', '8023345213', '+37529232123', 'David60@gmail.com', '2022-09-25 18:59:00.561000', '2022-09-25 18:59:00.561000', '2022-09-25 18:59:00.561000', 'ACTIVE', 'Duchovny'),
       (41, 'Siarhei', '$2a$10$WyFxjAN9OpChADqQTBQ6EO3qHbNMtsCTmsSRp4BjV9Qskiqt8raWy', 2, '3 5 32', '8023345213', '+37529232123', 'siarheiignat@gmail.com', '2022-09-25 19:02:04.513000', '2022-09-25 19:02:04.513000', '2022-09-25 19:02:04.513000', 'ACTIVE', 'Ploskozemel'),
       (62, 'Evgenii', '$2a$10$m32NaDG6DJJnlaXjxBUR1./BkTJUOlmvhvRua5Hls1ZF3tLMGg3Zm', 2, '16 23 139', '80233456252', '+375253633333', 'evgenkaluta@gmail.com', '2022-09-26 21:13:19.706000', '2022-09-26 21:13:19.706000', '2022-09-26 21:13:19.706000', 'ACTIVE', 'kaluta'),
       (2, 'Alexey', '$2a$10$Jaec24M8OuSXLoXsb3bDFORF6XgUD8uZYxaGJzS1yfoaK5Ktos3K2', null, '19 9 55', '802333324523', '+375256145343', 'Alexey89@gmail.com', '2022-08-23 16:01:57.655000', '2022-08-23 16:01:57.655000', '2022-09-28 19:26:10.112000', 'ACTIVE', 'alexey123'),
       (63, 'Evgenii', '$2a$10$zCXlJuq89egHrJBeYK3ML.2vXV.X8geOU1kksxTt5FI/NTlEbV7tK', 2, '20 30 5', '8023332342', '+375256666666', 'nuteki@gmail.com', '2022-09-30 21:41:38.589000', '2022-09-30 21:41:38.589000', '2022-09-30 21:41:38.589000', 'ACTIVE', 'nuteki'),
       (66, 'Anastasia', '$2a$10$.5ARmu5z5eYvYfGhRnUH6utAARKPYVwTnnWt683FF5qsCw9bpFQE.', 2, '20 1 5', '802333324523', '+375256145343', 'anastasia87@gmail.com', '2022-10-10 16:01:30.141000', '2022-10-10 16:01:30.141000', '2022-10-10 16:01:30.141000', 'ACTIVE', 'nastya87'),
       (74, 'Galina', '$2a$10$YAwfyEHW/D1LMugzEBHvienMhXgtOYpaifHZlQFaoPA2VSV/N5CUq', 2, '19 2 15', '802333324523', '+375256145343', 'galina@gmail.com', '2022-10-12 12:11:19.168000', '2022-10-12 12:11:19.168000', '2022-10-12 12:11:19.168000', 'ACTIVE', 'galya78'),
       (76, 'Grigorii', '$2a$10$68MaBCOgX0vGeSX9Iuqy.eCkZ7y3iXJ/.P6roLR2o90Am9hqiRtwu', 2, '19 2 15', '802333324523', '+375256145343', 'grig87@gmail.com', '2022-10-13 21:28:05.983000', '2022-10-13 21:28:05.983000', '2022-10-13 21:28:05.983000', 'ACTIVE', 'grisha87'),
       (77, 'Kail', '$2a$10$8Gj01wVr9j9hTp7dIc2.6uA5UPvnA5.ewq8GsKwXrXDUM9syiiuXC', 2, '20 30 5', '802333324523', '+375256145343', 'kail95@gmail.com', '2022-10-15 22:31:15.892000', '2022-10-15 22:31:15.892000', '2022-10-15 22:31:15.892000', 'ACTIVE', 'Kail123'),
       (85, 'Genry', '$2a$10$dJu1CL6vGHdeBk2yUmSXUuXMom2CamVqN2RainqqtQP.s/Oa0Ulky', 2, '20 30 5', '802333324523', '+375256145343', 'genrybukovski@gmail.com', '2022-10-16 21:05:40.602000', '2022-10-16 21:05:40.602000', '2022-10-16 21:05:40.602000', 'ACTIVE', 'Genry453'),
       (15, 'Evgenii', '5555', 2, '20 30 8', '802333324523', '+375256145343', 'evgeniiArgs@gmail.com', '2022-09-07 18:41:48.931000', '2022-09-07 18:41:48.931000', '2022-10-16 21:51:32.917000', 'ACTIVE', 'joniq'),
       (39, 'Charles', '$2a$10$vC6mLAvJ6a37NZP4sXHWg.UoaryTtSVMdCIlyPzgVS/JUIQ2fF09W', 2, '1 5 18', '80233456262', '+375292658952', 'Charles20@gmail.com', '2022-09-25 18:57:50.306000', '2022-09-25 18:57:50.306000', '2022-10-16 22:03:07.785000', 'ACTIVE', 'Bukowski');
select SETVAL('users_id_seq', 85);


INSERT INTO user_roles (user_id, role_id, creation_date, modification_date)
VALUES (4, 1, '2022-09-18 17:08:28.977071', '2022-09-18 17:08:28.977071'),
       (4, 2, '2022-09-18 17:08:28.977071', '2022-09-18 17:08:28.977071'),
       (39, 1, '2022-09-25 18:57:50.336252', '2022-09-25 18:57:50.336252'),
       (40, 1, '2022-09-25 18:59:00.563297', '2022-09-25 18:59:00.563297'),
       (41, 1, '2022-09-25 19:02:04.514605', '2022-09-25 19:02:04.514605'),
       (42, 1, '2022-09-25 19:02:39.486198', '2022-09-25 19:02:39.486198'),
       (62, 1, '2022-09-26 21:13:19.708545', '2022-09-26 21:13:19.708545'),
       (63, 1, '2022-09-30 21:41:38.488032', '2022-09-30 21:41:38.488032'),
       (66, 1, '2022-10-10 16:01:30.089344', '2022-10-10 16:01:30.089344'),
       (76, 1, '2022-10-13 21:28:05.884149', '2022-10-13 21:28:05.884149'),
       (77, 1, '2022-10-15 22:31:15.792920', '2022-10-15 22:31:15.792920'),
       (85, 1, '2022-10-16 21:05:40.447517', '2022-10-16 21:05:40.447517');